y,x_0.00175
-0.1,7.559289460184544
-0.47534418022528163,16.481057182202182
-0.8506883604505632,22.047848750913975
-1.2260325406758448,26.468661153207954
-1.6013767209011265,30.250163833333215
-1.976720901126408,33.608850034532
-2.3520650813516895,36.66111276739732
-2.7274092615769714,39.478089847964824
-3.102753441802253,42.10702989696785
-3.4780976220275344,44.5812107893483
-3.8534418022528163,46.92511847768172
-4.228785982478098,49.15739143653401
-4.604130162703379,51.292606889734
-4.979474342928661,53.34242130092099
-5.354818523153943,55.316329405927775
-5.730162703379224,57.222187022563816
-6.105506883604506,59.06658172220086
-6.480851063829787,60.85510221046049
-6.856195244055068,62.592538323235885
-7.23153942428035,64.28303230593525
-7.606883604505632,65.93019513960257
-7.982227784730913,67.53719730523495
-8.357571964956197,69.1068405336722
-8.732916145181477,70.641615194208
-9.108260325406759,72.14374668636721
-9.48360450563204,73.61523330566087
-9.858948685857321,75.05787742367247
-10.234292866082603,76.4733113710084
-10.609637046307885,77.86301908317813
-10.984981226533165,79.22835432752294
-11.360325406758447,80.57055614892877
-11.735669586983729,81.89076203606757
-12.11101376720901,83.1900192063207
-12.486357947434293,84.46929432786902
-12.861702127659575,85.72948193561143
-13.237046307884857,86.97141174919773
-13.612390488110137,88.1958550633115
-13.987734668335419,89.40353035003042
-14.3630788485607,90.59510818884743
-14.738423028785983,91.77121562041734
-15.113767209011264,92.93244000428103
-15.489111389236546,94.07933244793702
-15.864455569461827,95.21241086407599
-16.23979974968711,96.33216270410301
-16.615143929912392,97.43904740887987
-16.99048811013767,98.53349861164017
-17.365832290362953,99.61592612303646
-17.741176470588233,100.6867177240892
-18.116520650813516,101.74624078928214
-18.491864831038797,102.79484375906576
-18.86720901126408,103.83285747850198
-19.24255319148936,104.8605964166286
-19.617897371714644,105.87835977928269
-19.993241551939924,106.88643252654373
-20.368585732165208,107.88508630460258
-20.743929912390488,108.87458030069143
-21.119274092615772,109.85516202869972
-21.494618272841052,110.82706805222283
-21.869962453066332,111.7905246510284
-22.245306633291612,112.74574843625966
-22.620650813516896,113.69294691911416
-22.995994993742176,114.63231903722733
-23.37133917396746,115.56405564254325
-23.74668335419274,116.48833995406147
-24.122027534418024,117.40534797850205
-24.497371714643304,118.31524890162433
-24.872715894868588,119.21820545266347
-25.248060075093868,120.11437424410802
-25.62340425531915,121.00390608882756
-25.99874843554443,121.88694629636909
-26.374092615769715,122.76363495007031
-26.749436795994992,123.63410716648654
-27.124780976220276,124.49849333849161
-27.500125156445556,125.35691936329084
-27.87546933667084,126.20950685647561
-28.25081351689612,127.05637335314952
-28.626157697121403,127.89763249706809
-29.001501877346684,128.7333942186535
-29.376846057571967,129.5637649026741
-29.752190237797247,130.38884754631266
-30.127534418022528,131.208741908288
-30.50287859824781,132.02354464964154
-30.87822277847309,132.8333494667512
-31.253566958698375,133.63824721709057
-31.62891113892365,134.4383260382112
-32.00425531914893,135.2336714603894
-32.379599499374216,136.02436651334457
-32.7549436795995,136.81049182740648
-33.13028785982478,137.59212572947996
-33.50563204005006,138.36934433413052
-33.88097622027534,139.14222163009092
-34.25632040050063,139.91082956246632
-34.631664580725904,140.6752381108973
-35.00700876095119,141.4355153639206
-35.38235294117647,142.19172758975108
-35.757697121401755,142.94393930369395
-36.13304130162703,143.69221333238033
-36.508385481852315,144.43661087500794
-36.8837296620776,145.17719156175542
-37.25907384230288,145.91401350952825
-37.63441802252816,146.6471333751838
-38.00976220275344,147.37660640637344
-38.38510638297873,148.10248649013045
-38.760450563204,148.82482619932546
-39.13579474342929,149.54367683710197
-39.51113892365456,150.25908847939866
-39.886483103879854,150.971110015658
-40.26182728410513,151.67978918781523
-40.637171464330414,152.38517262765507
-41.01251564455569,153.0873058926193
-41.38785982478098,153.78623350014317
-41.76320400500626,154.48199896059322
-42.13854818523154,155.17464480887617
-42.51389236545682,155.86421263478363
-42.88923654568211,156.55074311213346
-43.264580725907386,157.2342760267664
-43.63992490613266,157.91485030345157
-44.01526908635795,158.5925040317533
-44.39061326658322,159.26727449090677
-44.765957446808514,159.9391981737498
-45.14130162703379,160.60831080975282
-45.516645807259074,161.27464738718956
-45.89198998748435,161.93824217448602
-46.26733416770964,162.59912874078586
-46.64267834793492,163.2573399757659
-47.0180225281602,163.9129081087361
-47.39336670838548,164.56586472705428
-47.76871088861077,165.21624079388593
-48.144055068836046,165.8640666653373
-48.51939924906132,166.50937210698865
-48.894743429286606,167.1521863098529
-49.27008760951189,167.79253790578392
-49.645431789737174,168.43045498235796
-50.02077596996245,169.06596509724912
-50.396120150187734,169.69909529212117
-50.77146433041302,170.3298721060536
-51.1468085106383,170.9583215885227
-51.52215269086358,171.58446931195405
-51.89749687108886,172.20834038386488
-52.272841051314145,172.8299594586113
-52.64818523153943,173.44935074875715
-53.023529411764706,174.06653803607844
-53.39887359198998,174.68154468221795
-53.77421777221527,175.29439363900337
-54.14956195244055,175.90510745844202
-54.52490613266583,176.51370830240407
-54.90025031289111,177.12021795200667
-55.2755944931164,177.7246578167096
-55.65093867334168,178.32704894313335
-56.02628285356696,178.9274120236104
-56.40162703379224,179.5257674044787
-56.77697121401753,180.12213509412763
-57.152315394242805,180.7165347708043
-57.52765957446809,181.30898579019043
-57.903003754693366,181.8995071927564
-58.27834793491864,182.48811771090138
-58.65369211514393,183.07483577588692
-59.02903629536921,183.65967952457098
-59.40438047559449,184.2426668059499
-59.77972465581977,184.8238151875143
-60.15506883604506,185.4031419614258
-60.53041301627034,185.98066415052068
-60.90575719649562,186.5563985141462
-61.2811013767209,187.1303615538352
-61.65644555694619,187.7025695188248
-62.031789737171465,188.27303841142367
-62.40713391739675,188.841783992234
-62.782478097622025,189.40882178523188
-63.15782227784731,189.97416708271123
-63.53316645807259,190.53783495009606
-63.90851063829787,191.0998402306245
-64.28385481852315,191.6601975499096
-64.65919899874844,192.21892132038025
-65.03454317897372,192.7760257456064
-65.409887359199,193.3315248245119
-65.78523153942427,193.88543235547897
-66.16057571964957,194.43776194034734
-66.53591989987484,194.98852698831112
-66.91126408010012,195.5377407197176
-67.28660826032541,196.0854161697694
-67.66195244055068,196.6315661921346
-68.03729662077598,197.1762034624665
-68.41264080100126,197.7193404818359
-68.78798498122653,198.26098958007927
-69.16332916145181,198.8011629190646
-69.5386733416771,199.33987249587733
-69.91401752190238,199.87713014592939
-70.28936170212766,200.41294754599303
-70.66470588235293,200.94733621716188
-71.04005006257823,201.48030752774147
-71.4153942428035,202.01187269607058
-71.79073842302878,202.54204279327683
-72.16608260325407,203.07082874596674
-72.54142678347934,203.59824133885317
-72.91677096370464,204.124291217322
-73.29211514392992,204.64898888993866
-73.66745932415519,205.17234473089786
-74.04280350438047,205.69436898241662
-74.41814768460576,206.21507175707288
-74.79349186483104,206.7344630400913
-75.16883604505632,207.25255269157734
-75.5441802252816,207.76935044870115
-75.91952440550689,208.28486592783298
-76.29486858573217,208.7991086266307
-76.67021276595744,209.31208792608152
-77.04555694618273,209.82381309249874
-77.420901126408,210.3342932794745
-77.7962453066333,210.84353752979047
-78.17158948685858,211.35155477728648
-78.54693366708385,211.8583538486894
-78.92227784730913,212.36394346540246
-79.29762202753443,212.86833224525628
-79.6729662077597,213.37152870422278
-80.04831038798498,213.8735412580928
-80.42365456821025,214.3743782241182
-80.79899874843555,214.8740478226197
-81.17434292866083,215.37255817856095
-81.5496871088861,215.86991732309014
-81.92503128911139,216.36613319504957
-82.30037546933667,216.86121364245406
-82.67571964956196,217.35516642393912
-83.05106382978724,217.8479992101796
-83.42640801001251,218.3397195852797
-83.80175219023779,218.83033504813434
-84.17709637046309,219.3198530137637
-84.55244055068836,219.8082808146205
-84.92778473091364,220.29562570187187
-85.30312891113891,220.7818948466549
-85.67847309136421,221.26709534130813
-86.0538172715895,221.75123420057827
-86.42916145181476,222.23431836280344
-86.80450563204005,222.71635469107343
-87.17984981226533,223.19734997436728
-87.55519399249062,223.67731092866873
-87.9305381727159,224.15624419806045
-88.30588235294117,224.63415635579705
-88.68122653316645,225.11105390535764
-89.05657071339175,225.5869432814785
-89.43191489361702,226.06183085116592
-89.8072590738423,226.53572291469024
-90.18260325406759,227.00862570656093
-90.55794743429287,227.48054539648362
-90.93329161451815,227.95148809029916
-91.30863579474342,228.42145983090546
-91.68397997496871,228.89046659916207
-92.05932415519399,229.35851431477812
-92.43466833541927,229.8256088371843
-92.81001251564456,230.29175596638845
-93.18535669586984,230.75696144381598
-93.56070087609511,231.22123095313484
-93.93604505632041,231.6845701210659
-94.31138923654568,232.14698451817813
-94.68673341677096,232.60847965967062
-95.06207759699625,233.06906100613946
-95.43742177722153,233.52873396433196
-95.81276595744681,233.9875038878869
-96.1881101376721,234.44537607806228
-96.56345431789737,234.90235578444972
-96.93879849812265,235.35844820567706
-97.31414267834793,235.8136584900979
-97.68948685857322,236.26799173647007
-98.0648310387985,236.72145299462161
-98.44017521902377,237.17404726610582
-98.81551939924907,237.62577950484493
-99.19086357947434,238.07665461776242
-99.56620775969962,238.52667746540533
-99.9415519399249,238.97585286255523
-100.31689612015019,239.42418557882954
-100.69224030037547,239.8716803392722
-101.06758448060076,240.31834182493466
-101.44292866082603,240.76417467344743
-101.81827284105131,241.2091834795816
-102.1936170212766,241.65337279580152
-102.56896120150188,242.09674713280802
-102.94430538172716,242.53931096007292
-103.31964956195243,242.98106870636465
-103.69499374217773,243.42202476026543
-104.07033792240301,243.86218347067967
-104.44568210262828,244.3015491473347
-104.82102628285357,244.7401260612729
-105.19637046307885,245.17791844533616
-105.57171464330413,245.61493049464252
-105.94705882352942,246.05116636705512
-106.32240300375469,246.48663018364383
-106.69774718397997,246.9213260291394
-107.07309136420527,247.35525795238055
-107.44843554443054,247.78842996675385
-107.82377972465582,248.22084605062693
-108.19912390488109,248.6525101477747
-108.57446808510639,249.083426167799
-108.94981226533167,249.51359798654167
-109.32515644555694,249.94302944649144
-109.70050062578223,250.37172435718423
-110.07584480600752,250.79968649559754
-110.4511889862328,251.22691960653853
-110.82653316645808,251.6534274030265
-111.20187734668335,252.07921356666932
-111.57722152690863,252.50428174803423
-111.95256570713393,252.9286355670129
-112.3279098873592,253.35227861318117
-112.70325406758448,253.77521444615337
-113.07859824780975,254.19744659593118
-113.45394242803505,254.61897856324742
-113.82928660826033,255.03981381990462
-114.2046307884856,255.4599558091087
-114.57997496871089,255.87940794579765
-114.95531914893618,256.2981736169653
-115.33066332916145,256.7162561819805
-115.70600750938674,257.1336589729015
-116.081351689612,257.5503852947857
-116.45669586983729,257.96643842599514
-116.83204005006259,258.3818216184972
-117.20738423028786,258.7965380981613
-117.58272841051314,259.21059106505123
-117.95807259073842,259.62398369371306
-118.33341677096371,260.0367191334592
-118.70876095118899,260.44880050864833
-119.08410513141426,260.8602309189614
-119.45944931163955,261.2710134396735
-119.83479349186484,261.681151121922
-120.21013767209011,262.0906469929714
-120.5854818523154,262.4995040564734
-120.96082603254068,262.9077252927245
-121.33617021276595,263.3153136589189
-121.71151439299125,263.722272089399
-122.08685857321652,264.12860349590153
-122.4622027534418,264.5343107678006
-122.83754693366708,264.9393967723477
-123.21289111389237,265.3438643549076
-123.58823529411765,265.7477163391922
-123.96357947434294,266.15095552749
-124.3389236545682,266.5535847008929
-124.7142678347935,266.9556066195207
-125.08961201501877,267.35702402274086
-125.46495619524406,267.75783962938715
-125.84030037546934,268.1580561379739
-126.21564455569461,268.5576762269083
-126.59098873591991,268.95670255469946
-126.96633291614518,269.3551377601646
-127.34167709637046,269.75298446263275
-127.71702127659574,270.15024526214586
-128.09236545682103,270.5469227396566
-128.4677096370463,270.9430194572244
-128.8430538172716,271.3385379582083
-129.21839799749688,271.73348076745754
-129.59374217772216,272.1278503914996
-129.96908635794745,272.52164931872574
-130.34443053817273,272.9148800195744
-130.71977471839799,273.30754494671174
-131.09511889862327,273.6996465352102
-131.47046307884855,274.0911872027249
-131.84580725907384,274.4821693496671
-132.22115143929915,274.8725953593765
-132.5964956195244,275.26246759829
-132.9718397997497,275.6517884161099
-133.34718397997497,276.04056014596836
-133.72252816020026,276.428785104591
-134.09787234042554,276.8164655924577
-134.4732165206508,277.20360389396177
-134.84856070087608,277.5902022775671
-135.22390488110136,277.976262995963
-135.59924906132667,278.36178828621746
-135.97459324155196,278.74678036992844
-136.34993742177724,279.1312414533731
-136.7252816020025,279.5151737276555
-137.10062578222778,279.8985793688521
-137.47596996245306,280.2814605381557
-137.85131414267835,280.6638193820178
-138.22665832290363,281.04565803228854
-138.60200250312892,281.42697860635576
-138.9773466833542,281.8077832072819
-139.35269086357948,282.18807392393916
-139.72803504380477,282.5678528311434
-140.10337922403005,282.94712198978607
-140.4787234042553,283.3258834469647
-140.8540675844806,283.7041392361119
-141.22941176470587,284.08189137712276
-141.60475594493116,284.45914187648026
-141.98010012515647,284.8358927273803
-142.35544430538172,285.212145909854
-142.730788485607,285.58790339088944
-143.1061326658323,285.9631671245515
-143.48147684605757,286.33793905210035
-143.85682102628286,286.7122211021087
-144.23216520650814,287.08601519057777
-144.6075093867334,287.4593232210512
-144.98285356695868,287.8321470847288
-145.358197747184,288.20448866057785
-145.73354192740928,288.5763498154437
-146.10888610763456,288.94773240415896
-146.48423028785982,289.31863826965173
-146.8595744680851,289.689069243052
-147.23491864831038,290.0590271437969
-147.61026282853567,290.4285137797356
-147.98560700876095,290.79753094723185
-148.36095118898623,291.1660804312659
-148.73629536921152,291.5341640055357
-149.1116395494368,291.9017834325559
-149.4869837296621,292.2689404637566
-149.86232790988737,292.63563683958085
-150.23767209011265,293.00187428958066
-150.6130162703379,293.3676545325121
-150.9883604505632,293.7329792764298
-151.36370463078848,294.09785021877957
-151.7390488110138,294.4622690464907
-152.11439299123907,294.82623743606683
-152.48973717146433,295.18975705367586
-152.8650813516896,295.5528295552393
-153.2404255319149,295.91545658651984
-153.61576971214018,296.27763978320854
-153.99111389236546,296.63938077101096
-154.36645807259072,297.0006811657323
-154.741802252816,297.3615425733616
-155.1171464330413,297.7219665901549
-155.4924906132666,298.08195480271775
-155.86783479349188,298.4415087880867
-156.24317897371714,298.8006301138098
-156.61852315394242,299.15932033802653
-156.9938673341677,299.5175810095463
-157.369211514393,299.8754136679269
-157.74455569461827,300.23281984355145
-158.11989987484358,300.5898010577049
-158.49524405506884,300.94635882264924
-158.87058823529412,301.3024946416988
-159.2459324155194,301.6582100092936
-159.6212765957447,302.013506411073
-159.99662077596997,302.3683853239478
-160.37196495619523,302.7228482161721
-160.7473091364205,303.0768965474137
-161.1226533166458,303.43053176882495
-161.4979974968711,303.78375532311145
-161.8733416770964,304.1365686446012
-162.24868585732165,304.48897315931225
-162.62403003754693,304.84097028502015
-162.9993742177722,305.19256143132435
-163.3747183979975,305.5437479997142
-163.75006257822278,305.89453138363393
-164.12540675844804,306.2449129685474
-164.50075093867332,306.5948941320017
-164.87609511889863,306.94447624369053
-165.25143929912392,307.2936606655166
-165.6267834793492,307.64244875165366
-166.00212765957448,307.99084184860754
-166.37747183979974,308.3388412952772
-166.75281602002502,308.6864484230143
-167.1281602002503,309.03366455568306
-167.5035043804756,309.3804910097187
-167.8788485607009,309.72692909418583
-168.25419274092616,310.07298011083606
-168.62953692115144,310.4186453541654
-169.00488110137672,310.76392611147014
-169.380225281602,311.10882366290326
-169.7555694618273,311.4533392815296
-170.13091364205255,311.79747423338074
-170.50625782227783,312.14122977750935
-170.88160200250312,312.48460716604274
-171.25694618272843,312.8276076442363
-171.6322903629537,313.1702324505259
-172.007634543179,313.5124828165803
-172.38297872340425,313.8543599673529
-172.75832290362953,314.1958651211325
-173.13366708385482,314.5369994895942
-173.5090112640801,314.8777642778499
-173.88435544430538,315.218160684497
-174.25969962453064,315.5581899016685
-174.63504380475595,315.8978531150816
-175.01038798498124,316.2371515040854
-175.38573216520652,316.57608624170905
-175.7610763454318,316.9146584947092
-176.13642052565706,317.2528694236166
-176.51176470588234,317.59072018278255
-176.88710888610763,317.9282119204249
-177.2624530663329,318.2653457786738
-177.63779724655822,318.6021228936163
-178.0131414267835,318.9385443953414
-178.38848560700876,319.27461140798414
-178.76382978723404,319.6103250497697
-179.13917396745933,319.9456864330563
-179.5145181476846,320.28069666437875
-179.8898623279099,320.6153568444904
-180.26520650813515,320.94966806840614
-180.64055068836043,321.2836314254435
-181.01589486858575,321.6172479992645
-181.39123904881103,321.9505188679164
-181.7665832290363,322.28344510387245
-182.14192740926157,322.6160277740722
-182.51727158948685,322.94826793996134
-182.89261576971214,323.2801666575313
-183.26795994993742,323.6117249773583
-183.6433041301627,323.94294394464214
-184.01864831038796,324.2738245992446
-184.39399249061327,324.60436797572805
-184.76933667083856,324.9345751033922
-185.14468085106384,325.26444700631237
-185.52002503128912,325.5939847033762
-185.8953692115144,325.92318920832025
-186.27071339173966,326.25206152976665
-186.64605757196495,326.5806026712591
-187.02140175219023,326.90881363129836
-187.39674593241554,327.23669540337795
-187.77209011264083,327.564248976019
-188.14743429286608,327.891475332805
-188.52277847309136,328.2183754524168
-188.89812265331665,328.544950308666
-189.27346683354193,328.87120087052915
-189.64881101376722,329.1971281021815
-190.02415519399247,329.5227329630298
-190.39949937421775,329.8480164077456
-190.77484355444307,330.17297938629775
-191.15018773466835,330.49762284398474
-191.52553191489363,330.8219477214668
-191.90087609511892,331.14595495479796
-192.27622027534417,331.4696454754571
-192.65156445556946,331.79302021037967
-193.02690863579474,332.1160800819881
-193.40225281602002,332.4388260082232
-193.7775969962453,332.761258902574
-194.1529411764706,333.08337967410813
-194.52828535669587,333.4051892275017
-194.90362953692116,333.7266884630691
-195.27897371714644,334.0478782767921
-195.65431789737173,334.3687595603493
-196.02966207759698,334.6893332011447
-196.40500625782227,335.0096000823365
-196.78035043804755,335.32956108286544
-197.15569461827283,335.64921707748306
-197.53103879849814,335.96856893677943
-197.9063829787234,336.28761752721084
-198.28172715894868,336.6063637111274
-198.65707133917397,336.9248083468001
-199.03241551939925,337.2429522884476
-199.40775969962453,337.5607963862633
-199.78310387984982,337.8783414864416
-200.15844806007507,338.19558843120444
-200.5337922403004,338.512538058827
-200.90913642052567,338.8291912036638
-201.28448060075095,339.1455486961743
-201.65982478097624,339.4616113629482
-202.0351689612015,339.7773800267308
-202.41051314142678,340.0928555064478
-202.78585732165206,340.40803861723026
-203.16120150187734,340.7229301704391
-203.53654568210263,341.0375309736893
-203.9118898623279,341.3518418308743
-204.2872340425532,341.66586354219
-204.66257822277848,341.97959690415826
-205.03792240300376,342.29304270965065
-205.41326658322905,342.6062017479119
-205.7886107634543,342.91907480458275
-206.16395494367958,343.23166266172353
-206.53929912390487,343.5439660978364
-206.91464330413015,343.8559858878881
-207.28998748435546,344.16772280333277
-207.66533166458075,344.4791776121336
-208.040675844806,344.79035107878525
-208.4160200250313,345.101243964336
-208.79136420525657,345.4118570264089
-209.16670838548185,345.72219101922354
-209.54205256570714,346.03224669361765
-209.9173967459324,346.3420247970679
-210.2927409261577,346.65152607371135
-210.668085106383,346.9607512643658
-211.04342928660827,347.26970110655105
-211.41877346683356,347.57837633450885
-211.7941176470588,347.88677767922366
-212.1694618272841,348.19490586844285
-212.54480600750938,348.5027616266963
-212.92015018773466,348.8103456753169
-213.29549436795995,349.1176587324598
-213.67083854818526,349.42470151312205
-214.0461827284105,349.73147472916213
-214.4215269086358,350.0379790893193
-214.79687108886108,350.3442152992324
-215.17221526908637,350.65018406145896
-215.54755944931165,350.95588607549416
-215.9229036295369,351.26132203778906
-216.2982478097622,351.56649264176974
-216.67359198998747,351.871398577855
-217.04893617021278,352.1760405334751
-217.42428035043807,352.4804191930894
-217.79962453066332,352.78453523820485
-218.1749687108886,353.0883893473932
-218.5503128911139,353.3919821963092
-218.92565707133917,353.6953144577076
-219.30100125156446,353.99838680146104
-219.6763454317897,354.30119989457694
-220.05168961201502,354.6037544012149
-220.4270337922403,354.90605098270345
-220.8023779724656,355.2080902975571
-221.17772215269088,355.50987300149296
-221.55306633291616,355.8113997474474
-221.92841051314142,356.11267118559255
-222.3037546933667,356.4136879633527
-222.67909887359198,356.71445072542025
-223.05444305381727,357.0149601137723
-223.42978723404258,357.31521676768625
-223.80513141426783,357.6152213237557
-224.18047559449312,357.9149744159064
-224.5558197747184,358.21447667541173
-224.93116395494368,358.5137287309082
-225.30650813516897,358.81273120841104
-225.68185231539422,359.111484731329
-226.0571964956195,359.40998992048026
-226.4325406758448,359.7082473941067
-226.8078848560701,360.00625776788945
-227.1832290362954,360.3040216549632
-227.55857321652067,360.6015396659315
-227.93391739674593,360.8988124088808
-228.3092615769712,361.1958404893953
-228.6846057571965,361.49262451057126
-229.05994993742178,361.7891650730312
-229.43529411764706,362.0854627749382
-229.81063829787234,362.38151821201006
-230.18598247809763,362.6773319775328
-230.5613266583229,362.97290466237513
-230.9366708385482,363.268236855002
-231.31201501877348,363.56332914148805
-231.68735919899873,363.8581821055315
-232.06270337922402,364.15279632846745
-232.4380475594493,364.4471723892812
-232.81339173967459,364.7413108646217
-233.1887359198999,365.0352123288147
-233.56408010012518,365.32887735387544
-233.93942428035044,365.62230650952233
-234.31476846057572,365.91550036318944
-234.690112640801,366.2084594800391
-235.0654568210263,366.50118442297514
-235.44080100125157,366.7936757526549
-235.81614518147683,367.08593402750245
-236.1914893617021,367.37795980372044
-236.56683354192742,367.66975363530275
-236.9421777221527,367.9613160740465
-237.317521902378,368.25264766956474
-237.69286608260325,368.54374896929767
-238.06821026282853,368.83462051852575
-238.4435544430538,369.12526286038053
-238.8188986232791,369.41567653585736
-239.19424280350438,369.7058620838265
-239.56958698372966,369.99582004104525
-239.94493116395495,370.2855509421691
-240.32027534418023,370.5750553197636
-240.69561952440552,370.86433370431564
-241.0709637046308,371.15338662424483
-241.44630788485608,371.4422146059146
-241.82165206508134,371.7308181736436
-242.19699624530662,372.0191978497167
-242.5723404255319,372.3073541543959
-242.94768460575722,372.59528760593173
-243.3230287859825,372.88299872057337
-243.69837296620776,373.1704880125802
-244.07371714643304,373.4577559942322
-244.44906132665832,373.7448031758403
-244.8244055068836,374.03163006575767
-245.1997496871089,374.31823717038947
-245.57509386733415,374.60462499420385
-245.95043804755943,374.890794039742
-246.32578222778474,375.17674480762855
-246.70112640801003,375.46247779658165
-247.0764705882353,375.74799350342346
-247.45181476846057,376.03329242308973
-247.82715894868585,376.31837504864023
-248.20250312891113,376.60324187126855
-248.57784730913642,376.88789338031194
-248.9531914893617,377.1723300632611
-249.328535669587,377.4565524057699
-249.70387984981227,377.74056089166527
-250.07922403003755,378.02435600295655
-250.45456821026283,378.3079382198452
-250.82991239048812,378.59130802073406
-251.2052565707134,378.8744658822372
-251.58060075093866,379.1574122791887
-251.95594493116394,379.4401476846524
-252.33128911138922,379.7226725699309
-252.70663329161454,380.00498740457493
-253.08197747183982,380.2870926563921
-253.45732165206508,380.56898879145615
-253.83266583229036,380.85067627411615
-254.20801001251564,381.13215556700516
-254.58335419274093,381.41342713104893
-254.9586983729662,381.6944914254751
-255.3340425531915,381.9753489078219
-255.70938673341675,382.2560000339464
-256.0847309136421,382.5364452580337
-256.4600750938673,382.81668503260505
-256.8354192740926,383.0967198085268
-257.2107634543179,383.3765500350185
-257.58610763454317,383.6561761596615
-257.96145181476845,383.9355986284072
-258.33679599499374,384.21481788558543
-258.712140175219,384.4938343739126
-259.0874843554443,384.77264853450004
-259.4628285356696,385.051260806862
-259.83817271589487,385.32967162892373
-260.21351689612015,385.60788143702973
-260.58886107634544,385.8858906659513
-260.9642052565707,386.163699748895
-261.339549436796,386.44130911750995
-261.7148936170213,386.7187192018962
-262.0902377972466,386.99593043061213
-262.4655819774718,387.27294323068236
-262.8409261576971,387.5497580276054
-263.21627033792237,387.8263752453611
-263.59161451814765,388.1027953064185
-263.966958698373,388.3790186317433
-264.3423028785983,388.65504564080493
-264.71764705882356,388.9308767515846
-265.09299123904884,389.2065123805824
-265.4683354192741,389.4819529428246
-265.8436795994994,389.75719885187084
-266.2190237797247,390.03225051982173
-266.5943679599499,390.30710835732555
-266.9697121401752,390.5817727735861
-267.3450563204005,390.85624417636905
-267.7204005006258,391.13052297200943
-268.09574468085106,391.4046095654185
-268.47108886107634,391.6785043600911
-268.8464330413016,391.95220775811185
-269.2217772215269,392.22572016016267
-269.5971214017522,392.4990419655294
-269.9724655819775,392.77217357210856
-270.3478097622027,393.0451153764141
-270.72315394242804,393.31786777358445
-271.0984981226533,393.5904311573886
-271.4738423028786,393.8628059202331
-271.8491864831039,394.1349924531687
-272.2245306633292,394.4069911458968
-272.59987484355446,394.6788023867759
-272.97521902377974,394.9504265628281
-273.350563204005,395.2218640597456
-273.7259073842303,395.49311526189706
-274.1012515644556,395.76418055233387
-274.4765957446808,396.03506031279665
-274.8519399249061,396.30575492372134
-275.2272841051314,396.5762647642453
-275.6026282853567,396.84659021221404
-275.97797246558196,397.1167316441868
-276.35331664580724,397.3866894354431
-276.7286608260325,397.6564639599883
-277.10400500625786,397.9260555905602
-277.47934918648315,398.1954646986349
-277.85469336670843,398.4646916544325
-278.23003754693366,398.73373682692323
-278.60538172715894,399.0026005838336
-278.9807259073842,399.27128329165174
-279.3560700876095,399.5397853156336
-279.7314142678348,399.80810701980863
-280.1067584480601,400.07624876698554
-280.48210262828536,400.34421091875805
-280.85744680851064,400.61199383551065
-281.2327909887359,400.879597876424
-281.6081351689612,401.14702339948076
-281.9834793491865,401.4142707614712
-282.3588235294117,401.68134031799866
-282.734167709637,401.94823242348514
-283.1095118898623,402.2149474311766
-283.48485607008763,402.4814856931488
-283.8602002503129,402.74784756031227
-284.2355444305382,403.01403338241795
-284.6108886107635,403.2800435080626
-284.98623279098877,403.5458782846939
-285.36157697121405,403.8115380586161
-285.73692115143933,404.07702317499485
-286.1122653316646,404.3423339778627
-286.48760951188984,404.6074708101243
-286.8629536921151,404.8724340135616
-287.2382978723404,405.13722392883864
-287.6136420525657,405.4018408955072
-287.988986232791,405.6662852520114
-288.36433041301626,405.93055733569315
-288.73967459324155,406.1946574827968
-289.11501877346683,406.45858602847443
-289.4903629536921,406.7223433067907
-289.8657071339174,406.9859296507277
-290.2410513141427,407.24934539219
-290.61639549436796,407.51259086200935
-290.99173967459325,407.7756663899497
-291.36708385481853,408.0385723047121
-291.7424280350438,408.301308933939
-292.1177722152691,408.5638766042197
-292.4931163954944,408.8262756410945
-292.86846057571967,409.0885063690599
-293.24380475594495,409.3505691115728
-293.61914893617023,409.6124641910555
-293.9944931163955,409.87419192890013
-294.36983729662074,410.1357526454735
-294.745181476846,410.3971466601214
-295.1205256570713,410.65837429117323
-295.4958698372966,410.9194358559467
-295.8712140175219,411.180331670752
-296.24655819774716,411.4410620508967
-296.6219023779725,411.7016273106897
-296.9972465581978,411.96202776344586
-297.37259073842307,412.22226372149083
-297.74793491864835,412.4823354961646
-298.1232790988736,412.7422433978264
-298.49862327909887,413.0019877358592
-298.87396745932415,413.26156881867314
-299.24931163954943,413.52098695371086
-299.6246558197747,413.7802424474509
-300.0,414.03933560541253
